{
  "Demographics" : {
    "transaction" : "Demographics",
    "sampleCount" : 500,
    "errorCount" : 7,
    "errorPct" : 1.4,
    "meanResTime" : 781.6579999999998,
    "medianResTime" : 578.5,
    "minResTime" : 406.0,
    "maxResTime" : 18775.0,
    "pct1ResTime" : 1282.8000000000002,
    "pct2ResTime" : 1439.1499999999996,
    "pct3ResTime" : 4084.9300000000076,
    "throughput" : 22.826880934989042,
    "receivedKBytesPerSec" : 169.8640944576333,
    "sentKBytesPerSec" : 3.187738255569759
  },
  "Health Finance" : {
    "transaction" : "Health Finance",
    "sampleCount" : 500,
    "errorCount" : 8,
    "errorPct" : 1.6,
    "meanResTime" : 396.5999999999998,
    "medianResTime" : 283.0,
    "minResTime" : 203.0,
    "maxResTime" : 10901.0,
    "pct1ResTime" : 473.0,
    "pct2ResTime" : 855.8499999999999,
    "pct3ResTime" : 2603.7700000000013,
    "throughput" : 21.082813290605497,
    "receivedKBytesPerSec" : 156.8857785882948,
    "sentKBytesPerSec" : 3.0265366735537187
  },
  "Diseas Surveillance" : {
    "transaction" : "Diseas Surveillance",
    "sampleCount" : 500,
    "errorCount" : 8,
    "errorPct" : 1.6,
    "meanResTime" : 419.1520000000001,
    "medianResTime" : 276.5,
    "minResTime" : 202.0,
    "maxResTime" : 9007.0,
    "pct1ResTime" : 547.7000000000005,
    "pct2ResTime" : 882.8,
    "pct3ResTime" : 4191.910000000009,
    "throughput" : 18.089070583553415,
    "receivedKBytesPerSec" : 134.60812289714556,
    "sentKBytesPerSec" : 2.6674313067544593
  },
  "Total" : {
    "transaction" : "Total",
    "sampleCount" : 2000,
    "errorCount" : 27,
    "errorPct" : 1.35,
    "meanResTime" : 499.23499999999996,
    "medianResTime" : 318.0,
    "minResTime" : 202.0,
    "maxResTime" : 18775.0,
    "pct1ResTime" : 755.8000000000002,
    "pct2ResTime" : 1137.7999999999993,
    "pct3ResTime" : 2604.94,
    "throughput" : 69.58942240779402,
    "receivedKBytesPerSec" : 517.8431628392484,
    "sentKBytesPerSec" : 9.97289818197634
  },
  "Health Facility" : {
    "transaction" : "Health Facility",
    "sampleCount" : 500,
    "errorCount" : 4,
    "errorPct" : 0.8,
    "meanResTime" : 399.5300000000001,
    "medianResTime" : 287.5,
    "minResTime" : 216.0,
    "maxResTime" : 15004.0,
    "pct1ResTime" : 481.90000000000003,
    "pct2ResTime" : 740.8999999999997,
    "pct3ResTime" : 1558.6500000000003,
    "throughput" : 21.845508563439356,
    "receivedKBytesPerSec" : 162.56130395840614,
    "sentKBytesPerSec" : 3.114691650646627
  }
}